[{"title_en":"European research excellence in times of non-association","title_de":"Europäische Forschungsexzellenz in Zeiten der Nicht-Assoziierung","title_fr":"L'excellence de la recherche européenne en temps de non-association","author":"João Martins","datastory_category":"standard","publication_date":"2022-05-09 01:00:00","languages":"en;de;fr","short_desc_en":"Newly calculated figures illustrate the sharp decline in contributions from EU programmes to Swiss institutions between 2014 and 2017. They also attest to the relevance of Switzerland and the UK in terms of scientific excellence.","short_desc_de":"Neue Zahlen unterstreichen den starken Rückgang von Beiträgen aus EU-Programmen an CH-Institutionen zwischen 2014 und 2017 und bestätigen die Bedeutung der Schweiz und Grossbritanniens für die Exzellenz der Forschung.","short_desc_fr":"Les chiffres nouvellement calculés illustrent la forte baisse des contributions des programmes de l'UE aux institutions suisses entre 2014 et 2017. Ils témoignent également de la pertinence de la Suisse et du Royaume-Uni en termes d'excellence scientifique.","tags":"T120T,T130T,T140T","author_url":"datastories@snf.ch","top_story":false,"github_url":"https://github.com/snsf-data/datastory_h2020_participation","doi":"https://doi.org/10.46446/datastory.h2020-participation"}]
